encounter_id,task1_client1_prob,task1_client1_pred,task1_client2_prob,task1_client2_pred,task1_fl_prob,task1_fl_pred,task2_client1_los,task2_client2_los,task2_fl_los
cabced5f-8a58-4c55-9976-f544a9885196,0.9719228277854112,1,1.0,1,0.9999999999999731,1,33.81860129432531,26.119307329681867,34.095848282379606
644e8f9e-d2bc-41bc-a0a8-dbeefaac4bcf,0.8666686005764692,1,0.9296350649638223,1,0.9677791793088845,1,21.58937074458938,20.74006293097699,24.74112268761784
8db55a98-2954-4f41-a13b-951fe709ace2,0.4954824391792708,0,0.2993750592748021,0,0.4896171388817482,0,22.980633286526228,22.457284763867296,25.436700801820287
85a9a3b1-2ef1-4dbe-ace9-b856751ad156,1.0,1,1.0,1,0.9999998198219127,1,31.706467025851655,24.999850054521488,29.32754135729501
3d37ab5b-3c77-4c13-a3b1-ad48c9e87ae0,0.9988746396574796,1,0.999999997956522,1,0.9999977603776286,1,27.187290783819837,37.672642970992506,29.64673116472064
a6a64186-e6f1-4f9e-9f41-38b2e5634560,0.4954824391792708,0,0.2993750592748021,0,0.4896171388817482,0,22.980633286526228,22.457284763867296,25.436700801820287
71d3768b-a3b0-489b-aa25-6867d314a772,0.4954824391792708,0,0.2993750592748021,0,0.4896171388817482,0,22.980633286526228,22.457284763867296,25.436700801820287
15fa0ed7-6d2a-427d-9e7b-fb750b554c8e,0.4954824391792708,0,0.2993750592748021,0,0.4896171388817482,0,22.980633286526228,22.457284763867296,25.436700801820287
b4b71380-9d3f-403e-88c2-e63a849cfa23,0.6588315739884831,1,0.05454019311209099,0,0.09478356554005171,0,21.7383210864464,22.65626076311583,25.346689350631202
4a2c94e3-35b8-47d3-bd14-e1bd05369c55,0.9207091673509377,1,0.2828169434757953,0,0.5200721700992081,1,22.4929994208819,23.062324737440196,25.339168314353046
cd494324-ee05-4357-a040-07061c4b549c,0.9304446356125977,1,0.9799934656801552,1,0.9911423434431766,1,21.536668190360164,20.74006293097699,24.74049165362467
90bfd7ce-4c3b-46a9-b12b-851cdce6188d,0.999999999999803,1,0.03359332834588244,0,0.9954842843864906,1,27.094902787206813,27.440493468814626,24.8190332656102
7301de10-f265-44f9-af68-577d008f1369,0.4954824391792708,0,0.2993750592748021,0,0.4896171388817482,0,22.980633286526228,22.457284763867296,25.436700801820287
6354a8d7-bc98-41d4-bd18-a11870352d96,0.9557955034686344,1,0.24229805476160127,0,0.5592730390376447,1,22.021999349724883,22.701926683477637,25.33391568253286
03542630-1e44-4b9e-a920-cc26996c1f5a,1.0,1,0.9948127582360463,1,0.9999995211864284,1,32.68688266612205,19.237031643137055,25.724323404232543
7bdd9544-ae27-4826-9466-a41875484cd4,0.4954824391792708,0,0.2993750592748021,0,0.4896171388817482,0,22.980633286526228,22.457284763867296,25.436700801820287
7b762e41-a625-4a6f-92db-66f95551f701,1.0,1,1.0,1,0.9999999060279103,1,37.197300962564896,24.44078227885442,30.689001868819823
6151b701-a7f6-45fc-99a0-501a97ad86fe,0.4954824391792708,0,0.2993750592748021,0,0.4896171388817482,0,22.980633286526228,22.457284763867296,25.436700801820287
d32d7d2f-a349-4878-be81-1831b6057d8b,0.9773311984781298,1,0.9367100289751995,1,0.8488430289326784,1,22.224991585479945,21.707415513608293,25.345201619746312
6eac9cb8-e5bb-413f-b484-965c0483150f,0.9999999999991236,1,0.02342825299304577,0,0.9911525599661642,1,27.094902787206813,27.440493468814626,24.8190332656102
1fe51fc1-5d9a-48af-baef-e492f654fb66,0.958142669469154,1,0.9923611103948747,1,0.9966535152541752,1,21.495906823872943,20.731745626173048,24.733907144183416
0136024c-c6d7-4405-83f1-606ab8c887e7,0.6533087787895319,1,0.9999999999974123,1,0.9999999883498883,1,58.527602828291826,37.0482502264002,46.28000394894631
61163979-1550-4f1f-b579-abee981626a4,0.017437615954066923,0,0.9999999999767224,1,0.9999998101146715,1,26.292730713342923,24.227239858429673,33.29936903309476
a806406e-1ae3-46a3-9aa8-6a9de34e3ae6,0.4954824391792708,0,0.2993750592748021,0,0.4896171388817482,0,22.980633286526228,22.457284763867296,25.436700801820287
026d0d11-0f9a-4449-8ca3-8cde4f7f9e9f,0.8972560606642178,1,0.9575977290556534,1,0.9809318144398053,1,21.58937074458938,20.74006293097699,24.74112268761784
6a9c9389-479e-419e-8e06-a7908a252e57,0.9238018101330695,1,0.9761740177687249,1,0.989421528826081,1,21.536668190360164,20.74006293097699,24.74049165362467
9993575f-2192-4356-80fc-024d8bb5e984,0.4954824391792708,0,0.2993750592748021,0,0.4896171388817482,0,22.980633286526228,22.457284763867296,25.436700801820287
7abd2993-b9e1-4a71-8ee0-a84bc8065979,1.0,1,1.0,1,0.9999999694616781,1,31.65933128631502,25.077545925784683,29.338543691137556
5c66b891-6a33-4fc4-abdf-5e62d4f3503f,0.4843716910293735,0,0.1595824435473653,0,0.3048437579945334,0,22.73719759596696,22.73342174014092,25.435112566444012
00372272-5353-4aa6-b336-33a2be5d9cc9,1.0,1,0.9999998498619377,1,0.9999998161322422,1,51.26628639084025,36.87840760520783,41.73934140019169
3e96427b-3d8d-40e6-ac4b-3ad530c08555,0.4954824391792708,0,0.2993750592748021,0,0.4896171388817482,0,22.980633286526228,22.457284763867296,25.436700801820287
b926ef69-93fb-451b-9f5a-fe5853ada3d9,0.9450116871674702,1,0.9872119537261693,1,0.9943707134245606,1,21.437834668571593,20.73754714134345,24.738651670900932
1afec8cd-29ec-4d47-ae2b-346d8425b6cf,0.9623555042161185,1,0.5042092319996663,1,1.1229182192179607e-05,0,39.17264696706392,28.88083233430669,30.536883254818186
9d6b88f1-2f4c-484b-9b47-c2bf07814ae0,0.4837853668906014,0,0.15392233788195991,0,0.2961561355093114,0,22.887387707994097,22.73342174014092,25.435112566444012
fa5be040-786d-40d8-996e-06daee438931,0.8394515985508323,1,1.0243794564607819e-13,0,1.9743797187858097e-09,0,37.63863205120957,34.7670012195343,29.12370348777272
09c5a985-0dc7-440d-b945-f30e0b6ff6b8,0.4954824391792708,0,0.2993750592748021,0,0.4896171388817482,0,22.980633286526228,22.457284763867296,25.436700801820287
6ce7816c-f449-4ded-8fdd-0d84f7fe4b71,0.999583297955141,1,0.5851230198170543,1,0.9237578634688047,1,21.62116315804398,23.700790248770897,25.317576759925494
8a1c2830-975e-492e-8aa5-4b7dfb906d49,0.21148407337080483,0,0.9999999200602463,1,0.9999490654846471,1,23.54669805121299,42.66673957861528,37.542048520514356
213ff089-3ced-4a9b-b37f-2dd3a5c54437,0.4954824391792708,0,0.2993750592748021,0,0.4896171388817482,0,22.980633286526228,22.457284763867296,25.436700801820287
b5b6c714-f683-422a-8a81-c1f0dfa8e38f,0.4954824391792708,0,0.2993750592748021,0,0.4896171388817482,0,22.980633286526228,22.457284763867296,25.436700801820287
ba3fa14d-45a9-422e-93f0-73364eddd467,0.9540550329126113,1,0.19503944947320317,0,8.520045420254771e-06,0,36.684548347235136,31.811385488311515,29.412622949874542
147d894f-05b2-4950-9924-5c9f85451849,0.4954824391792708,0,0.2993750592748021,0,0.4896171388817482,0,22.980633286526228,22.457284763867296,25.436700801820287
0e663901-6fab-4482-8bb2-d602c518de6f,0.4954824391792708,0,0.2993750592748021,0,0.4896171388817482,0,22.980633286526228,22.457284763867296,25.436700801820287
6175a4b7-5aa8-4df0-9437-d5700f49b6c4,0.4954824391792708,0,0.2993750592748021,0,0.4896171388817482,0,22.980633286526228,22.457284763867296,25.436700801820287
a59a9149-33d6-4d36-88fc-3a56100dcbd2,1.0,1,0.9999997527763113,1,0.9999999999980067,1,15.83042292402899,19.381866500128012,25.25853223287222
832d0373-ff2c-48eb-a2ab-00bb3be5639e,0.4954824391792708,0,0.2993750592748021,0,0.4896171388817482,0,22.980633286526228,22.457284763867296,25.436700801820287
98797a98-4e82-476a-87cf-591108386d1a,0.989082123109959,1,1.0,1,0.9999999999999927,1,51.74040752492517,39.68872426349238,46.192781761475224
af1e5678-2c74-4623-ba11-74f36ab45a14,1.0,1,0.9999997034928516,1,0.9999999989243309,1,25.110919270838583,25.320771973223867,30.729205721887062
f50c7ae8-c6c4-4d82-ac11-816b72194589,0.8334611865898776,1,2.0808015710748566e-12,0,5.5405701746092594e-08,0,25.484441982174694,27.924258993136576,24.64002591888775
1a93da7c-9885-4d32-86f6-89ce88fd6b48,0.6375863310020667,1,0.9441549077144101,1,0.9545041683332791,1,21.763286176596957,23.177896372454818,25.39120116377224
